title,company,location,link
빅데이터 분야,LG유플러스,서울,https://kr.indeed.com/채용보기?jk=67c19d7ac0857ecd
NPU 런타임 SW 엔지니어,딥엑스,성남 분당구,https://kr.indeed.com/채용보기?jk=35c2ac41489508c1
AI 분야,LG유플러스,서울,https://kr.indeed.com/채용보기?jk=abdc136f65ceddd4
[NHN] 인사운영,NHN] [NHN,성남 판교역,https://kr.indeed.com/채용보기?jk=a27cd33cb789697d
[NAVER Cloud] 데이터분석가,네이버클라우드,성남 분당구,https://kr.indeed.com/채용보기?jk=23a13cbdacf6e086
한국행동과학연구소 각 부문 수시,한국행동과학연구소,서울 강남구,https://kr.indeed.com/채용보기?jk=287a2f9783758916
클라우드 부문 인재,신세계아이앤씨,서울 중구,https://kr.indeed.com/채용보기?jk=2a5b207c17d06e56
AI Frameworks Engineer Intern,Intel,서울,https://kr.indeed.com/채용보기?jk=74dd680945a195f3
각 부문 신입/경력 직원,한국전자금융,서울 마포구,https://kr.indeed.com/채용보기?jk=44e123e5f10102f2
서버 개발자 Python(Django) Developer (주니어),아테나스랩,서울 마포구,https://kr.indeed.com/채용보기?jk=4abf59df14cb4390
HR 데이터레이크 운영자,에스케이텔레콤,서울 중구,https://kr.indeed.com/채용보기?jk=ebc91f139cafa428
ML Engineer (토스뱅크),비바리퍼블리카,서울 강남구,https://kr.indeed.com/채용보기?jk=9e456d115b04fce7
데이터 사이언티스트,DQ LAB PTE. LTD.,서울,https://kr.indeed.com/채용보기?jk=e927a1b47b643953
[뉴플랫폼기술] 클라우드 엔지니어,한국카카오은행,성남 분당구,https://kr.indeed.com/채용보기?jk=a12731dc5b2871ba
빅데이터 엔지니어 전문가,에스케이텔레콤,성남 분당구,https://kr.indeed.com/채용보기?jk=0beebb8ef8b44601
프론트엔드 개발자/디자이너/기획/마케터 정직원,마이플래닛,성남 수정구,https://kr.indeed.com/채용보기?jk=e742db63ad7e269f
[아도바주식회사] 데이터 분석가,아도바,서울 서초구,https://kr.indeed.com/채용보기?jk=d6ff5700c68dbe84
"자율 주행, 로봇 SW 개발자",에바,성남 수정구,https://kr.indeed.com/채용보기?jk=e30fe92d72ceb17c
해외 시장조사 및 산업조사 인턴,이씨이십일알앤씨,서울 강남구,https://kr.indeed.com/채용보기?jk=e93b11bf395dab9d
Graduate Student Intern,Intel,서울,https://kr.indeed.com/채용보기?jk=b7e9e9d0811a05bd
Cloud 기반 Backend 개발자,에스케이텔레콤,서울 중구,https://kr.indeed.com/채용보기?jk=105e73a65551c9b1
코딩에 빠진 수퍼 개발자 (펌웨어 개발),에바,성남 수정구,https://kr.indeed.com/채용보기?jk=f54bac6c78fd3240
하반기 인턴직 모집,한솔그룹,서울 을지로2가,https://kr.indeed.com/채용보기?jk=2f56d4b70c1df086
[TmaxEdu/R&D] 연구 개발자(2022 공개),티맥스소프트,성남 분당구,https://kr.indeed.com/채용보기?jk=d7765db711b54fa8
Python 기반 빅데이터 처리 개발자,드림어스컴퍼니,서울 서초구,https://kr.indeed.com/채용보기?jk=d364360d1e0368e3
전문연구요원 (병역특례) 수시 (AI / HW 분야),딥엑스,성남 분당구,https://kr.indeed.com/채용보기?jk=78e99625e5de3c95
"[리얼클래스]백엔드 개발자 (Backend Developer, Python)",퀄슨,서울 강남구,https://kr.indeed.com/채용보기?jk=fcdc3ae2e803744f
데이터분석 전문가 모집,11번가,서울 남대문로5가,https://kr.indeed.com/채용보기?jk=e6f79134827d23a7
(주)데이터누리 데이터 분석가 정규직,데이터누리,서울 강서구,https://kr.indeed.com/채용보기?jk=cd2a47fefda1dfbb
각 분야별 인재 Pool 등록,지투알,서울,https://kr.indeed.com/채용보기?jk=a5e926e1d22cdc11
[11번가] 클라우드 엔지니어,십일번가,서울 중구,https://kr.indeed.com/채용보기?jk=9b25b0bf4857f3fe
Software Engineer,BOEING,서울,https://kr.indeed.com/채용보기?jk=ab2e818d53eeb778
Machine Learning Researcher (Computer Vision),BOEING,서울,https://kr.indeed.com/채용보기?jk=8df97f089d8a7d9c
[네이버계열사][NIT Service] 네이버 파이낸셜 플랫폼 운영,엔아이티서비스,성남 분당구,https://kr.indeed.com/채용보기?jk=b1e2228ee948216c
[KREAM] Server 개발자,크림,성남 분당구,https://kr.indeed.com/채용보기?jk=e684cb2d1a258175
UX Researcher (정량/포트폴리오 없는 전형),비바리퍼블리카,서울 강남구,https://kr.indeed.com/채용보기?jk=cdf77590ecd833dc
(인천 송도) 인공지능(AI)분야 Python 개발 인력,애나,인천 연수구,https://kr.indeed.com/채용보기?jk=b6a035d43f41e23b
[포티투마루] 인공지능(AI) 개발자 전 부문,포티투마루,서울 서초구,https://kr.indeed.com/채용보기?jk=22ffe020e40de675
서버 개발자 Python(Django) Developer (경력),아테나스랩,서울 마포구,https://kr.indeed.com/채용보기?jk=53c7c22b9dacbbe3
[CA] 웹 스크래핑 엔지니어,한국카카오은행,성남 분당구,https://kr.indeed.com/채용보기?jk=60568b5c80ce31db
System Engineer (토스),비바리퍼블리카,서울 강남구,https://kr.indeed.com/채용보기?jk=1f2ad62f89d0dd7d
Software Engineer,Google,서울,https://kr.indeed.com/채용보기?jk=0cb4a784529cb1b8
Backend Developer (Python/Senior/6년이상),위대한상상,서울 서초구,https://kr.indeed.com/채용보기?jk=992f17e9e0140eca
Software Engineer Intern,Intel,서울,https://kr.indeed.com/채용보기?jk=8ab99f09dbabedc5
"교육 기획/운영, 시스템 기획",매직에코,서울 성동구,https://kr.indeed.com/채용보기?jk=9f0ce22eee4259bb
"[TmaxAI/R&D] NLP/음성 부문 AI모델 개발자(2022 공개, *전문연구요원 병역특례포함)",티맥스소프트,성남 분당구,https://kr.indeed.com/채용보기?jk=fa4286732b7b30d4
JR0186078 AI Research Engineer Intern,인텔코리아,서울,https://kr.indeed.com/채용보기?jk=016de9bb83a8032d
영상 데이터 검수자,에스케이텔레콤,서울 종로구,https://kr.indeed.com/채용보기?jk=3fc35fae488ef31a
"데이터베이스개발자, 웹개발 신입/경력 정규직",여의도사람들,서울 영등포구,https://kr.indeed.com/채용보기?jk=e91b5984e7f5d3fd
생명정보학 부문 박사졸 선임연구원 정규직 정규직,카이팜,서울 서대문구,https://kr.indeed.com/채용보기?jk=3cd339cf8959f44d
"Customer Engineer, Data Analytics, Google Cloud",Google,서울,https://kr.indeed.com/채용보기?jk=4800ed0bd1febca9
백엔드 경력 정규직,라이트비전,서울 성동구,https://kr.indeed.com/채용보기?jk=8b6dbee8628c6409
대학생인턴십 2기 모집,LG에너지솔루션,서울 영등포구,https://kr.indeed.com/채용보기?jk=d1d26bc871719fe2
기술 문서 작성 전문가,딥엑스,성남 분당구,https://kr.indeed.com/채용보기?jk=44f52ea73a6d25da
기술유닛 프로그래밍 전부문(툴/엔진/렌더링/서버/클라이언트),엔픽셀,서울 강남구,https://kr.indeed.com/채용보기?jk=e756dbeaaecf958e
딥엑스 NPU SDK (DXNN) 개발 엔지니어,딥엑스,성남 분당구,https://kr.indeed.com/채용보기?jk=8e91aa6c93de1790
딥러닝 AI 개발 연구원,베이리스,성남 수정구,https://kr.indeed.com/채용보기?jk=87309d3ff40ead61
Software Architecture 설계 엔지니어,딥엑스,성남 분당구,https://kr.indeed.com/채용보기?jk=7df915e1f0f86b2d
Software Engineer,구글코리아,서울 강남구,https://kr.indeed.com/채용보기?jk=b5676ea622e11aed
"신입/경력 개발자 (프론트엔드 2명, 백엔드 2명, 퍼블리셔 2명)",아이디벨,경기도 하남,https://kr.indeed.com/채용보기?jk=a7534c830df819d2
[NAVER Cloud] 빅데이터 분석 플랫폼 개발,네이버클라우드,성남 분당구,https://kr.indeed.com/채용보기?jk=e837bcfb73c81cd7
IT 인력,온오프링크,고양 일산동구,https://kr.indeed.com/채용보기?jk=1c32dc7d66466675
[현대무벡스] 경력사원 상시,현대무벡스,서울 종로구,https://kr.indeed.com/채용보기?jk=835324335bc1c7da
"[TmaxMetaverse/R&D] 게임 엔진, 게임 서버, 메타버스 스튜디오, Vision AI 엔진 개발...",티맥스소프트,성남 분당구,https://kr.indeed.com/채용보기?jk=d6f67adb9feb0f26
[연구개발 부문] 연구원 (MCU 계측제어설계/머신비전/이미지프로세싱),모든,경기도 광명,https://kr.indeed.com/채용보기?jk=166cbac7484d21e3
[11번가] 데이터 엔지니어 분야,십일번가,서울 중구,https://kr.indeed.com/채용보기?jk=64197d0234062a84
2022년 AIFFEL AI 인공지능 전문교육,모두의연구소,서울 강남구,https://kr.indeed.com/채용보기?jk=f3c73d17b9f35e27
데이터 엔지니어 (전문연구요원 가능),메쉬코리아,서울 강남구,https://kr.indeed.com/채용보기?jk=e9d820b3e4bb069e
자동차 전장 Security 분야 전문가,LG전자,서울 강서구,https://kr.indeed.com/채용보기?jk=6d389529bece608b
[TmaxOS/R&D] OS부문 개발자(2022 공개),티맥스소프트,성남 분당구,https://kr.indeed.com/채용보기?jk=4dad388b131f5e2a
[NAVER Cloud] Media 서비스 개발,네이버클라우드,성남 분당구,https://kr.indeed.com/채용보기?jk=9874329553ce5126
[인재 Pool / 상시 / 신입] R&D 박사,앰코테크놀로지코리아,인천 연수구,https://kr.indeed.com/채용보기?jk=effbbb23f6fae87d
Machine Learning R&D 연구원,카이어,서울 서초구,https://kr.indeed.com/채용보기?jk=19da3484bd7a72f1
[11번가] System Engineer 분야,십일번가,서울 중구,https://kr.indeed.com/채용보기?jk=b0002ec04b6e2347
Developer Associate,SAP,서울,https://kr.indeed.com/채용보기?jk=678ce3a93f701593
[2022 여름인턴] 프로젝트형 프로그래밍 직군,엔픽셀,서울 강남구,https://kr.indeed.com/채용보기?jk=28aaf5cabec620b5
[양재역] Node서버 개발자 (사원~과장급),시니어앤파트너즈,서울 서초구,https://kr.indeed.com/채용보기?jk=a91bcf14dd7070ae
[카카오커머스] 기술직군,카카오커머스,성남 분당구,https://kr.indeed.com/채용보기?jk=2b9e604e63e7e46d
[안양] 빅데이터 (리더),시니어앤파트너즈,안양 동안구,https://kr.indeed.com/채용보기?jk=4376c7ae1f245848
2022년 파이썬활용 빅데이터 분석 전문가 국비무료 양성과정,한국산업기술협회,서울 금천구,https://kr.indeed.com/채용보기?jk=1a66a679bcbc9f5b
Technical Solution Specialist,Intel,서울,https://kr.indeed.com/채용보기?jk=f90d9dd25d49c84f
DNN 모델 개발 엔지니어,딥엑스,성남 분당구,https://kr.indeed.com/채용보기?jk=303d8c644a5f2e0f
Cloud Service Developer for HANA Cloud Development and Data...,SAP,서울,https://kr.indeed.com/채용보기?jk=dd75b4bb8444b8fb
[11번가] 데이터 아키텍처 분야,십일번가,서울 중구,https://kr.indeed.com/채용보기?jk=6681aed732b8e916
Cloud 부문,한화그룹,서울,https://kr.indeed.com/채용보기?jk=7854bb87f9a168fb
자산운용팀 전략/리스크팀 퀀트(겨울방학 인턴),마이퍼스트에셋자산운용,대한민국,https://kr.indeed.com/채용보기?jk=872035f47cfd4850
AI Research Engineer Intern,Intel,서울,https://kr.indeed.com/채용보기?jk=ad695cb2c767be8b
System SW 엔지니어,딥엑스,성남 분당구,https://kr.indeed.com/채용보기?jk=fc037709d0770796
[외국계 스타트업 미소] Business Analyst,유한회사 미소,서울,https://kr.indeed.com/채용보기?jk=51df90967b46e8f0
[PPM솔루션 클로바인] 연구소 IT 테크 직군 선행연구 개발자,헤븐트리,서울 강남구,https://kr.indeed.com/채용보기?jk=ea23fdac1fec9112
위고블록체인 연구소 연구원,위고컴퍼니,서울 서초구,https://kr.indeed.com/채용보기?jk=5c4b142021f5d0d6
[마블러스] 백엔드 개발자 주니어/시니어,마블러스,대한민국,https://kr.indeed.com/채용보기?jk=0dad27533fee10c3
컴파일러 엔지니어(딥엑스),딥엑스,성남 분당구,https://kr.indeed.com/채용보기?jk=1b43aff116704c72
[뉴플랫폼기술] Kubernetes Engineer,한국카카오은행,성남 분당구,https://kr.indeed.com/채용보기?jk=feb386a81317ff9d
[인재풀] 아티스트 ART,Electronic Arts,서울,https://kr.indeed.com/채용보기?jk=aac8e9355cb855ac
파이썬 개발자 초중급 이상,데이터앤솔루션,서울 서초구,https://kr.indeed.com/채용보기?jk=d158e683dc0b7500
CX Consulting Engineer (Technical Leader) (3 positions),Cisco Systems,서울,https://kr.indeed.com/채용보기?jk=a77339af36d985aa
"웹프로그래머 (경력) / PHP, Python , Java",제트핑거소프트,인천 부평구,https://kr.indeed.com/채용보기?jk=01c2a5063e2e938a
"[대기업] 딥러닝 (AI, 영상인식) 전문가 (석박사급)",비에이블컨설팅그룹,서울,https://kr.indeed.com/채용보기?jk=b062be76c4982a38
[kt ds] 2022년 각 부문별 경력사원 수시,케이티디에스,서울 서초구,https://kr.indeed.com/채용보기?jk=b515669e8032265b
캐롯손해보험 인재 Pool 등록(2021),캐롯,서울 중구,https://kr.indeed.com/채용보기?jk=88fd25fcd85ba187
[데이터 프로덕트] 데이터 엔지니어 모집,카카오,성남 판교역,https://kr.indeed.com/채용보기?jk=f94fd2fd0e93cb5c
2022년 레드우드케이 S/W 엔지니어,레드우드케이,서울 성동구,https://kr.indeed.com/채용보기?jk=982a6d040efc2b43
"Software Engineer, Android Connectivity",구글코리아,서울 강남구,https://kr.indeed.com/채용보기?jk=7a69f174a726fc10
[TmaxFinTech/R&D] AI & FinTech 프론트엔드 개발자(2022 공개),티맥스소프트,성남 분당구,https://kr.indeed.com/채용보기?jk=71e895a76a44fddb
[전문연구요원] 의료영상 리서치 엔지니어 정규직,메디픽셀,서울 마포구,https://kr.indeed.com/채용보기?jk=3544467a7b64376f
Technical Support Engineer-Developer,Microsoft,서울,https://kr.indeed.com/채용보기?jk=35b540811a09ac1f
2022년 하반기 인턴십(채용연계형),Bear Robotics,서울,https://kr.indeed.com/채용보기?jk=36909585ee88468b
공무(실증플랜트) 신입사원 모집,GS칼텍스,서울 역삼동,https://kr.indeed.com/채용보기?jk=64762c9268719c2e
시스템 엔지니어 모집,넷마블,서울 구로구,https://kr.indeed.com/채용보기?jk=d321f3119ec69587
"Software Engineer, Android Connectivity",Google,서울,https://kr.indeed.com/채용보기?jk=338be2a9a3975371
인사분야 신입사원 모집,GS칼텍스,서울 역삼동,https://kr.indeed.com/채용보기?jk=d39d5624bfcc6b01
[클라우드플랫폼실] System Engineering팀 클라우드 엔지니어,야놀자,서울 강남구,https://kr.indeed.com/채용보기?jk=4ae5eb5bb613a826
금융 Data scientist,hTLM HR,서울 송파구,https://kr.indeed.com/채용보기?jk=a9043783ae081743
2022년 상반기 백엔드 개발자,반달소프트,성남 분당구,https://kr.indeed.com/채용보기?jk=1601f1bfe3302af5
[데이터엔지니어링팀] Data Engineer (시니어),직방,서울 종로구,https://kr.indeed.com/채용보기?jk=a6d588f9d7bea248
Modelling & Simulation (M&S) Software Engineer,BOEING,서울,https://kr.indeed.com/채용보기?jk=e990d9ecc91ca7a7
2022년 ICT이노베이션스퀘어 인공지능(AI)/블록체인 3기 교육생,한국정보기술서비스산업협회,서울,https://kr.indeed.com/채용보기?jk=c47568a5a71d438e
SW 개발 직군,한화테크윈,성남 분당구,https://kr.indeed.com/채용보기?jk=a0ca2e61e3223904
상점 계약 운영기획 담당자,메쉬코리아,서울 강남구,https://kr.indeed.com/채용보기?jk=6ee86ba15e4c58a3
[TmaxGroup/QA] QA 엔지니어 (2022 공개),티맥스소프트,성남 분당구,https://kr.indeed.com/채용보기?jk=0b4f18b2ea7d2ba1
"영상처리, 컴퓨터 비전 전문가 (신입/경력)",에바,성남 수정구,https://kr.indeed.com/채용보기?jk=2642a83874ea6bab
ML Engineer (토스),비바리퍼블리카,서울 강남구,https://kr.indeed.com/채용보기?jk=9f55cc94667d307c
[직원] 전산실 개발 인력,법무법인 세종,서울 종로구,https://kr.indeed.com/채용보기?jk=457130ad1d66cc92
Data Scientist (토스신용데이터),비바리퍼블리카,서울 강남구,https://kr.indeed.com/채용보기?jk=5bdbd31484d24289
알파코 빅데이터 기반 딥러닝 부트캠프 3기 교육생,알파코,서울 성동구,https://kr.indeed.com/채용보기?jk=fea0c5077e0f34d3
"Software Engineer, Camera 3A",Google,서울,https://kr.indeed.com/채용보기?jk=af846ce8ea8351ab
[제약] 신약 분자설계 연구(선임/책임),BOB네트웍스,성남 분당구,https://kr.indeed.com/채용보기?jk=14d5f070330861c8
Software Engineer,GE Healthcare,경기도 성남,https://kr.indeed.com/채용보기?jk=f565cd2b232340cf
네트워크 엔지니어 모집,넷마블,서울 구로구,https://kr.indeed.com/채용보기?jk=7e84d50ec4d60c1d
"Associate Software Engineer, gReach Program for Veterans (보훈...",Google,서울,https://kr.indeed.com/채용보기?jk=2d887b3032ebc835
ML Modeler,비바리퍼블리카,서울 강남구,https://kr.indeed.com/채용보기?jk=bcbf499bb9a1f8f2
자동차 전장 ADAS SW 분야 전문가,LG전자,서울 강서구,https://kr.indeed.com/채용보기?jk=f42242989b39b5e1
"Cloud Architect , Professional Services",Amazon Web Services Korea LLC,서울,https://kr.indeed.com/채용보기?jk=40141d5b6f07f17e
Recruitment for Verification Engineer,Harman International,서울,https://kr.indeed.com/채용보기?jk=134bd42f548315db
Datacenter Engineer,Oracle,서울,https://kr.indeed.com/채용보기?jk=970033f2d54dd370
데이터 전문가(모델러/분석가/엔지니어) 모집,카카오,성남 판교역,https://kr.indeed.com/채용보기?jk=ac9068957c550cb3
Vision AI 분야 전문가,에스케이텔레콤,서울 중구,https://kr.indeed.com/채용보기?jk=3f05bb6e32cb33fb
[크립토랩] 파이썬 기반 동형암호 근사다항식 구현 인턴,크립토랩,서울 관악구,https://kr.indeed.com/채용보기?jk=d30cd5a1e6c3d809
A.I.개발자,파이프트리스마트팜,서울 송파구,https://kr.indeed.com/채용보기?jk=229eb9cfd32480ed
국내 대기업 - 고객 데이터분석 포지션,라피플코리아리미티드,서울,https://kr.indeed.com/채용보기?jk=75c348600e4ba140
2022 비플라이소프트 인재,비플라이소프트,서울 광진구,https://kr.indeed.com/채용보기?jk=f70508d3d422add5
"S/W 엔지니어, 데이터분석 신입/경력 정규직, 인턴",가치랩스,성남 분당구,https://kr.indeed.com/채용보기?jk=5ea9ea023c6ccc03
Machine Learning Engineer-Eng,뤼이드,서울 강남구,https://kr.indeed.com/채용보기?jk=26bad02eeadd913b
DT운영팀 경력직 (팀원),에스케이쉴더스,서울 강남구,https://kr.indeed.com/채용보기?jk=71ea8de9b48b1846
"Mondrian AI개발자 (Web, 프론트엔드, 백엔드)",몬드리안에이아이,인천 연수구,https://kr.indeed.com/채용보기?jk=371a62fc01c63519
[전문연구요원 신규편입/전직] 의료영상/음성인식/생체신호 연구원,뷰노코리아,서울 서초구,https://kr.indeed.com/채용보기?jk=40de6a4b81f8724f
"Cloud Engineer, Infrastructure, Google Cloud Professional",구글코리아,서울 강남구,https://kr.indeed.com/채용보기?jk=82fca9a7d65e74e1
"[누리어시스템] 금융 SI/SM 정규직 개발자 (Java, Python)",누리어시스템,경기도 하남,https://kr.indeed.com/채용보기?jk=8e01d12718384a31
D-lab 팀원 모집,이지스자산운용,서울 여의도,https://kr.indeed.com/채용보기?jk=48c56fc0745c828e
Data 분야 경력,LG CNS,서울,https://kr.indeed.com/채용보기?jk=6d86e9f32d31c84f
[11번가] 빅데이터 처리 시스템 개발 분야,십일번가,서울 중구,https://kr.indeed.com/채용보기?jk=76fa7dd7aa9604be
AI Research Engineer,Intel,서울,https://kr.indeed.com/채용보기?jk=b22adf00b47eaa32
Python Developer (Internal Product),비바리퍼블리카,서울 강남구,https://kr.indeed.com/채용보기?jk=502648c96b603921
교육 웹 서비스 기획/ 콘텐츠 서비스 기획,매직에코,서울 성동구,https://kr.indeed.com/채용보기?jk=043516001b6ef966
Data Analyst,컬리,서울 강남구,https://kr.indeed.com/채용보기?jk=7108966914d464f9
해석부문 신입사원 추가 공개채용,자트코코리아엔지니어링..,서울 가산동,https://kr.indeed.com/채용보기?jk=181991cb8750cd55
Diploma Student / Intern_Linux/C++/Python,SAP,서울,https://kr.indeed.com/채용보기?jk=227cc2b8f27d02d9
데이터 분석가,파이프트리스마트팜,서울 송파구,https://kr.indeed.com/채용보기?jk=d49618d656468d9b
가상자산 트레이딩 / 시스템 개발자,블록투리얼,서울 강남구,https://kr.indeed.com/채용보기?jk=c04680232735292a
"백엔드 개발자, 모바일앱 개발자, 블록체인 개발자 경력직",와이즈텍,서울 용산구,https://kr.indeed.com/채용보기?jk=54761d6b1b4fd029
[NHN SOFT] Back-End 경력 개발자,엔에이치엔소프트,성남 분당구,https://kr.indeed.com/채용보기?jk=3617e30a1af44426
DBA (토스신용데이터),비바리퍼블리카,서울 강남구,https://kr.indeed.com/채용보기?jk=94da06451e75b402
마케팅 데이터 사이언티스트 경력 (석사/박사 신입지원가능),LG전자,서울특별시,https://kr.indeed.com/채용보기?jk=10527efc7ef20f32
Data Engineer & Scientist,LG전자,서울 영등포구,https://kr.indeed.com/채용보기?jk=5a50c5d2a639b6fe
2022년 5월 CTO 배터리 진단 분야 전문가,LG에너지솔루션,대전 유성구,https://kr.indeed.com/채용보기?jk=ddf19052aedbc30c
서버 백 엔드 개발자,셀메이트,서울 마포구,https://kr.indeed.com/채용보기?jk=5c6fe384fabdbd45
카카오 데이터의 가치를 발굴할 데이터 분석가 모집,카카오,성남 판교역,https://kr.indeed.com/채용보기?jk=2b2dcd3ffe3d53df
2022년 인텔AI 인공지능 개발자 양성 프로젝트 교육생,고누아이 부산지점,부산,https://kr.indeed.com/채용보기?jk=26e42e384ad3e75b
Software Engineer - Python and K8s,Canonical - Jobs,서울,https://kr.indeed.com/채용보기?jk=9e154b5b00d09b31
기술 인턴 인공지능 응용 연구/개발 인턴,써로마인드로보틱스,서울 관악구,https://kr.indeed.com/채용보기?jk=71c47ac87bb4087e
[NIT Service] 네이버 파이낸셜 플랫폼 운영,엔아이티서비스,성남 분당구,https://kr.indeed.com/채용보기?jk=1961a1ecccb03336
Search Engineer (Engineering),비바리퍼블리카,서울 강남구,https://kr.indeed.com/채용보기?jk=ffc17aa77028b5c7
Developer / Designer recruit,마이뮤직테이스트,서울 논현동,https://kr.indeed.com/채용보기?jk=55a19c92c845685e
서버개발자(벡앤드) 정규직,오비이랩,서울 강남구,https://kr.indeed.com/채용보기?jk=df228c302c3c8f9b
[Engineering Div.] 인프라보안 / CERT Engineer (10년 이상),크래프톤,서울 강남구,https://kr.indeed.com/채용보기?jk=989b06568c650369
"웹프로그래머 모집(경력) / PHP, Python , Java의 기업정보",제트핑거소프트,인천 갈산동,https://kr.indeed.com/채용보기?jk=05f6d06df94fe088
[박람회] 소프트웨어 개발자,토페스,서울 성동구,https://kr.indeed.com/채용보기?jk=d7777c60c09ecaae
CX Consulting Engineer (Technical Leader),Cisco Systems,서울,https://kr.indeed.com/채용보기?jk=f7a59adc5cd2b933
인프라 엔지니어,RIDI Corp,서울,https://kr.indeed.com/채용보기?jk=f9c3981932d44cfc
"Technical Solutions Engineer, Wear OS",Google,서울,https://kr.indeed.com/채용보기?jk=6e40505ede5deff5
웹 개발자 경력 Java/Php/Javascript/Python/Html/CSS 등 프로젝트 경력자,바이오브레인,대전 서구,https://kr.indeed.com/채용보기?jk=941687b6bbb14d81
"Solutions Architcet 전문가 (과장-이사급 00명) , 글로벌 Top 클라우드 서비스 기업",코어포인트,서울 강남구,https://kr.indeed.com/채용보기?jk=bed2cc057a547db9
데이터 엔지니어,베이글코드,서울 강남구,https://kr.indeed.com/채용보기?jk=5cd7823b956b61c0
[대형증권사] IT퀀트 개발자,인코리아 프로페셔널,서울 강남구,https://kr.indeed.com/채용보기?jk=6eb93af9f7057d77
[외국계 스타트업 미소] Data Analyst,유한회사 미소,서울,https://kr.indeed.com/채용보기?jk=ec5c7ccd76639120
Software R&D 경력,LG전자,경기도 평택,https://kr.indeed.com/채용보기?jk=f9f4f9766940363c
[그랑사가] 툴/클라이언트 프로그래머,엔픽셀,서울 강남구,https://kr.indeed.com/채용보기?jk=d158a6c96bc41b20
[신입] 미래 인재 DB,현대오토에버,서울,https://kr.indeed.com/채용보기?jk=661cf773d598862b
DevOps Engineer (Automotive),Luxoft,서울,https://kr.indeed.com/채용보기?jk=5c33177b89311e52
영상 인식 알고리즘 개발자,몹티콘,서울 구로구,https://kr.indeed.com/채용보기?jk=ee510e06a897c800
[INEEJI]예측/최적화 서비스 AI 엔지니어/프론트엔드 개발자,인이지,성남 수정구,https://kr.indeed.com/채용보기?jk=3e33fb90418e675a
백엔드 개발자 (Backend Developer),메이아이,서울 강남구,https://kr.indeed.com/채용보기?jk=da08875a323c7561
1-yr Internship: Sensor Lab Engineer,Infineon Technologies,서울,https://kr.indeed.com/채용보기?jk=aeeccd4a7c31f94d
국내 대기업 - AI 및 딥러닝 관련 경력자,라피플코리아리미티드,서울,https://kr.indeed.com/채용보기?jk=3b7dbdf85a326a6d
Test Engr II,Honeywell,서울,https://kr.indeed.com/채용보기?jk=6b9598f76c768253
"백엔드개발자, 모바일앱 개발자, 블록체인 개발자 신입",와이즈텍,서울 용산구,https://kr.indeed.com/채용보기?jk=52049395e06b34cb
C++ Developer for High-Performance Cloud Database Kernel (SA...,SAP,서울,https://kr.indeed.com/채용보기?jk=0a5ae2165bd1a845
Actuator분야 경력/신입 (개발/Tribology/설비/생산기술),LG이노텍,경기도 안산,https://kr.indeed.com/채용보기?jk=5514b8c3ffd4ef85
Network Engineer (토스증권),비바리퍼블리카,서울 강남구,https://kr.indeed.com/채용보기?jk=710d4378a8d99d11
System Engineer (토스증권),비바리퍼블리카,서울 강남구,https://kr.indeed.com/채용보기?jk=e6c970440d454ee4
[쿠키런: 킹덤] 데이터 소프트웨어 엔지니어,데브시스터즈,서울 강남구,https://kr.indeed.com/채용보기?jk=5e8fc0385b35b579
웹 스크래핑 개발자 영입,카카오페이,성남 분당구,https://kr.indeed.com/채용보기?jk=9599ecb61b39136a
[플레이채팅 유닛(CIC)] 서버 개발자 영입,카카오,성남 판교역,https://kr.indeed.com/채용보기?jk=a5680079cf9c5a5c
[신입/경력] 의료영상/음성인식/생체신호 연구원,뷰노코리아,서울 서초구,https://kr.indeed.com/채용보기?jk=c35e9b72a11aa338
인공지능 활용하여 같이 문제 해결해 나갈 신입 찾습니다.,종달랩,서울 중구,https://kr.indeed.com/채용보기?jk=d2bbcb27615afe1b
[하나금융그룹] 빅데이터 분석 모집,하나금융티아이,인천 청라동,https://kr.indeed.com/채용보기?jk=e3e736b46dbb35cd
[자율주행로봇 플랫폼 백엔드 개발] 로봇개발본부 플랫폼개발실,트위니 관심기업,성남 서현역,https://kr.indeed.com/채용보기?jk=fbf770206451f982
[마비노기모바일] 연구 개발 프로그래머,데브캣,서울 강남구,https://kr.indeed.com/채용보기?jk=f0c7c08485085240
Global Fintech Data Platform Engineer,라인비즈플러스,성남 분당구,https://kr.indeed.com/채용보기?jk=981f93f33e349c5c
데브옵스(DevOps) 엔지니어 (전문연구요원/보충역 가능),메쉬코리아,서울 강남구,https://kr.indeed.com/채용보기?jk=fde5522c18b9465f
웹프론트엔드&서버 개발,파수,서울 마포구,https://kr.indeed.com/채용보기?jk=1c5d09276ff828bd
[한솔PNS] IT부문 대졸 신입사원 모집,한솔그룹,서울 을지로2가,https://kr.indeed.com/채용보기?jk=dd050e19015512a5
System Engineer (토스뱅크),비바리퍼블리카,서울 강남구,https://kr.indeed.com/채용보기?jk=161ba56e614e71bc
"Technical Solutions Engineer, Wear OS",구글코리아,서울 강남구,https://kr.indeed.com/채용보기?jk=d118bfd2f5ae3ccd
[주4.5일] JAVA 백엔드 개발자,인라이플,서울 구로구,https://kr.indeed.com/채용보기?jk=cde0d8631fbe4562
스크린플랫폼개발팀 웹프로그램 개발자,카카오브이엑스 (KAKAO VX),성남 분당구,https://kr.indeed.com/채용보기?jk=3bfc58cdba52ab03
Associate Software Engineer (AvionX),BOEING,서울,https://kr.indeed.com/채용보기?jk=0c067de742005bfc
추천 통계분석/데이터사이언티스트 모집,카카오,성남 판교역,https://kr.indeed.com/채용보기?jk=bfe0f5ac4f32ec89
클라우드 분야 경력,LG CNS,서울,https://kr.indeed.com/채용보기?jk=8a6b6ce0b31ec8d4
플랫폼구축,KB데이타시스템,서울 마포구,https://kr.indeed.com/채용보기?jk=15bbe05b101b160c
액티브 퀀트 운용 신입급,엑스포넨셜자산운용,대한민국,https://kr.indeed.com/채용보기?jk=9826f6312cc7825a
[KSTEC] SW 프로그래머 경력사원,지식시스템,성남 분당구,https://kr.indeed.com/채용보기?jk=2e234ed11abb725e
Machine Learning Engineer Intern - Korea,MOLOCO,서울,https://kr.indeed.com/채용보기?jk=69d3cc2cca262747
데이터 엔지니어 모집,넷마블,서울 구로구,https://kr.indeed.com/채용보기?jk=a3db0fef10f726b8
글로벌운용팀 (~6/12),교보악사자산운용,대한민국,https://kr.indeed.com/채용보기?jk=9329c57cc2e79669
[NAVER Cloud] MLOps 서비스 개발,네이버클라우드,성남 분당구,https://kr.indeed.com/채용보기?jk=3605c828757eec83
Vocational Training Program Intern (Developer/Researcher Rol...,SAP,서울,https://kr.indeed.com/채용보기?jk=05852e55ee726186
Software Engineer (소프트웨어 개발자),Siemens Healthineers,경기도 성남,https://kr.indeed.com/채용보기?jk=ffeca6a962d2f8fa
[11번가] 검색서비스 개발 분야,십일번가,서울 중구,https://kr.indeed.com/채용보기?jk=8ffd103f63be1a16
Python Programmer,Mofac,서울 서초구,https://kr.indeed.com/채용보기?jk=df21e3bb5d773616
(주)리얼데이터 분석컨설팅 인력,리얼데이터,서울 성동구,https://kr.indeed.com/채용보기?jk=0229342521a71f63
AI 모빌리티 서비스의 미래 함께 열어갈 우수한 인재 찾습니다.,라온로드,성남 분당구,https://kr.indeed.com/채용보기?jk=5133adebeb209d23
"고객 데이터 관리 컨설턴트, 설비 데이터 관리 컨설턴트(과장~이사급), S그룹 경영컨설팅회사",코어포인트,서울 송파구,https://kr.indeed.com/채용보기?jk=3a78c0a469e6ad94
HANA Cloud Service Reliability Engineer - HANA Cloud (Seoul),SAP,서울,https://kr.indeed.com/채용보기?jk=39c41791e0a954de
렌더링 엔진 개발자 모집,스노우,성남 백현동,https://kr.indeed.com/채용보기?jk=8b5826f367d5c122
퍼즐데이터 역량있는 데이터 분석가,주식회사퍼즐데이터,서울 역삼동,https://kr.indeed.com/채용보기?jk=116009dbf59211ed
[데이터 프로덕트] MLOps 개발자,카카오,성남 판교역,https://kr.indeed.com/채용보기?jk=ca5b2f6d10c6f5b2
[뉴플랫폼기술] 클라우드 엔지니어(보안),한국카카오은행,성남 분당구,https://kr.indeed.com/채용보기?jk=2fdc7658c0d3c491
"Java, Python 영상툴 개발자",에이아이메이커,서울 마곡동,https://kr.indeed.com/채용보기?jk=cae2de07045cfb2b
2022년 상반기 정보보안 엔지니어 - 취약점파트,인섹시큐리티,서울 금천구,https://kr.indeed.com/채용보기?jk=3a3f0bb42abb32cf
통합 log관리 시스템 개발 위한 전문가,에스케이텔레콤,서울 종로구,https://kr.indeed.com/채용보기?jk=599dd49e865c75f8
[11번가] 6월 Backend 개발 분야,십일번가,서울 중구,https://kr.indeed.com/채용보기?jk=54954a2d1ae4c606
[성과공유기업] 백엔드 개발자,핀업,서울 강남구,https://kr.indeed.com/채용보기?jk=6aa1a19e998b7d2b
"2022년 상반기 주식회사 쏘마 전 개발 직군 (백엔드, 프론트엔드 외 신입/경력 정규직)",쏘마,성남 분당구,https://kr.indeed.com/채용보기?jk=13ef6f86810c0843
웹시스템 및 솔루션 분야 프로그래머 및 웹퍼블리셔,위더스이십일,서울 금천구,https://kr.indeed.com/채용보기?jk=8e60094702b4fe05
데이터 엔지니어/클라우드 엔지니어/데이터 플랫폼 개발분야 경력사원,LG전자,서울특별시,https://kr.indeed.com/채용보기?jk=f870e8c6ab4babcf
"[광고 추천] 데이터 사이언스, 머신러닝 전문가 영입",카카오,성남 판교역,https://kr.indeed.com/채용보기?jk=62207843f8aee746
네이버 파이낸셜 플랫폼 운영,NIT Service,성남 서현동,https://kr.indeed.com/채용보기?jk=b3a6c83c9debcb92
데이터분석,유비케어,서울 구로구,https://kr.indeed.com/채용보기?jk=0af5b81616808b7e
