title,company,location,link
한국필립모리스 2022년 상반기 수시,한국필립모리스㈜,서울 영등포구,https://kr.indeed.com/채용보기?jk=44e9ac7f0f94e784
서버 개발자 Python(Django) Developer (주니어),아테나스랩,서울 마포구,https://kr.indeed.com/채용보기?jk=4abf59df14cb4390
[NAVER Z] 데이터 엔지니어,네이버제트,성남 분당구,https://kr.indeed.com/채용보기?jk=61dcca5896040150
Python 기반 빅데이터 처리 개발자,드림어스컴퍼니,서울 서초구,https://kr.indeed.com/채용보기?jk=d364360d1e0368e3
2022년 ICT이노베이션스퀘어 인공지능(AI)/블록체인 3기 교육생,한국정보기술서비스산업협회,서울,https://kr.indeed.com/채용보기?jk=c47568a5a71d438e
웹프로그래머 (FrontEnd) 기업부설연구소 연구원 #python #js #FullStack #모바일,넥스텝코리아,서울 용산구,https://kr.indeed.com/채용보기?jk=56da6890ac68b874
2022년 파이썬활용 빅데이터 분석 전문가 국비무료 양성과정,한국산업기술협회,서울 금천구,https://kr.indeed.com/채용보기?jk=1a66a679bcbc9f5b
Backend Developer (Python/Tech Lead),위대한상상,서울 서초구,https://kr.indeed.com/채용보기?jk=e6e2d3024e1c47a2
[3년 이상] Analytics/Data Angineer,아이디케이스퀘어드,서울 중구,https://kr.indeed.com/채용보기?jk=27efbf31dc7befc6
영상 데이터 검수자,에스케이텔레콤,서울 종로구,https://kr.indeed.com/채용보기?jk=3fc35fae488ef31a
Data Engineer (Kafka) (토스),비바리퍼블리카,서울 강남구,https://kr.indeed.com/채용보기?jk=c9b819accb580f4d
Python 경력직 개발자 (신한은행 배달앱;땡겨요; 개인화 큐레이션 서비스 운영 개발),미식의시대,서울 중구,https://kr.indeed.com/채용보기?jk=64c241d8facd72c6
금융 Data scientist,hTLM HR,서울 송파구,https://kr.indeed.com/채용보기?jk=a9043783ae081743
HR 데이터레이크 운영자,에스케이텔레콤,서울 중구,https://kr.indeed.com/채용보기?jk=ebc91f139cafa428
AI Frameworks Engineer,Intel,서울,https://kr.indeed.com/채용보기?jk=07aab0cc98af9ffe
2022년 AIFFEL AI 인공지능 전문교육,모두의연구소,서울 강남구,https://kr.indeed.com/채용보기?jk=f3c73d17b9f35e27
"주니어 백엔드 개발자 경력직, 정규직",클레온,서울 중구,https://kr.indeed.com/채용보기?jk=337161876837f7e3
"QA 엔지니어, 테스터 엔지니어 계약직, 인턴",클레온,서울 중구,https://kr.indeed.com/채용보기?jk=55c0b40170b7c71a
[통합 커머스 플랫폼] STT 개발,커리어라임즈,서울 동작구,https://kr.indeed.com/채용보기?jk=244017684ac76c13
BRAIN Research Intern,WorldQuant,서울,https://kr.indeed.com/채용보기?jk=b0d41c1e1d898321
"[누리어시스템] 금융 SI/SM 정규직 개발자 (Java, Python)",누리어시스템,경기도 하남,https://kr.indeed.com/채용보기?jk=8e01d12718384a31
서버 개발자 Python(Django) Developer (경력),아테나스랩,서울 마포구,https://kr.indeed.com/채용보기?jk=53c7c22b9dacbbe3
기술유닛 프로그래밍 전부문(툴/엔진/렌더링/서버/클라이언트),엔픽셀,서울 강남구,https://kr.indeed.com/채용보기?jk=e756dbeaaecf958e
데이터 사이언티스트,DQ LAB PTE. LTD.,서울,https://kr.indeed.com/채용보기?jk=e927a1b47b643953
"[리얼클래스]백엔드 개발자 (Backend Developer, Python)",퀄슨,서울 강남구,https://kr.indeed.com/채용보기?jk=fcdc3ae2e803744f
인프라개발팀 백엔드 개발자,카카오브이엑스 (KAKAO VX),성남 분당구,https://kr.indeed.com/채용보기?jk=5b8f9bddd48c704c
B2B 디지털 마케터,LG전자,서울특별시,https://kr.indeed.com/채용보기?jk=81ef764c2c93b3c3
AI 모빌리티 서비스의 미래 함께 열어갈 우수한 인재 찾습니다.,라온로드,성남 분당구,https://kr.indeed.com/채용보기?jk=5133adebeb209d23
AI Frameworks Engineer Intern,Intel,서울,https://kr.indeed.com/채용보기?jk=74dd680945a195f3
Graduate Student Intern,Intel,서울,https://kr.indeed.com/채용보기?jk=b7e9e9d0811a05bd
네트워크 엔지니어 모집,넷마블,서울 구로구,https://kr.indeed.com/채용보기?jk=7e84d50ec4d60c1d
[뉴플랫폼기술] 클라우드 엔지니어,한국카카오은행,성남 분당구,https://kr.indeed.com/채용보기?jk=a12731dc5b2871ba
2022년 상반기 백엔드 개발자,반달소프트,성남 분당구,https://kr.indeed.com/채용보기?jk=1601f1bfe3302af5
"서버엔진 개발자 정규직 직원 ( C++, Python )",하몬소프트,서울 금천구,https://kr.indeed.com/채용보기?jk=0b15c7881ef76f10
해외 시장조사 및 산업조사 인턴,이씨이십일알앤씨,서울 강남구,https://kr.indeed.com/채용보기?jk=e93b11bf395dab9d
[데이터엔지니어링팀] Data Engineer (시니어),직방,서울 종로구,https://kr.indeed.com/채용보기?jk=a6d588f9d7bea248
정보보호 담당자,한국사이버결제,서울 구로구,https://kr.indeed.com/채용보기?jk=d5ba297babedd69d
[BATTLEGROUNDS] Anti-Cheat Data Scientists (2년 이상),크래프톤,서울 서초구,https://kr.indeed.com/채용보기?jk=dc3dc2bda2f740fe
웹프로그래머 모집,제트핑거소프트,인천 갈산동,https://kr.indeed.com/채용보기?jk=ce40ca2273ace634
Data Engineer & Scientist,LG전자,서울 영등포구,https://kr.indeed.com/채용보기?jk=807a11b0f18c0774
[현대무벡스] 경력사원 상시,현대무벡스,서울 종로구,https://kr.indeed.com/채용보기?jk=835324335bc1c7da
클라우드 부문 인재,신세계아이앤씨,서울 중구,https://kr.indeed.com/채용보기?jk=2a5b207c17d06e56
코스닥 중견사 Data Scientist,회사명,서울 여의도역,https://kr.indeed.com/채용보기?jk=c334f2377ec7e3e2
빅데이터 분야,LG유플러스,서울,https://kr.indeed.com/채용보기?jk=67c19d7ac0857ecd
[카카오커머스] 기술직군,카카오커머스,성남 분당구,https://kr.indeed.com/채용보기?jk=2b9e604e63e7e46d
"추천 시스템 백엔드 개발자 경력직, 정규직",클레온,서울 중구,https://kr.indeed.com/채용보기?jk=8dc9b881b447c3be
[11번가] System Engineer 분야,십일번가,서울 중구,https://kr.indeed.com/채용보기?jk=b0002ec04b6e2347
JR0186078 AI Research Engineer Intern,인텔코리아,서울,https://kr.indeed.com/채용보기?jk=016de9bb83a8032d
[CJ Olivenetworks/경력] AI연구소 AI/ML 연구/개발(Data Scientist),씨제이올리브네트웍스,서울 용산구,https://kr.indeed.com/채용보기?jk=a2cedc04f48a862d
빅데이터 엔지니어 전문가,에스케이텔레콤,성남 분당구,https://kr.indeed.com/채용보기?jk=0beebb8ef8b44601
[뉴플랫폼기술] 클라우드 엔지니어,한국카카오은행,성남 분당구,https://kr.indeed.com/채용보기?jk=a12731dc5b2871ba
네트워크 엔지니어 모집,넷마블,서울 구로구,https://kr.indeed.com/채용보기?jk=7e84d50ec4d60c1d
[AI R&D] Language AI(NLP) Research 분야 수시(22년2차) 모집,엔씨소프트,성남 판교역,https://kr.indeed.com/채용보기?jk=e3317c0f4c0e4e13
S/W개발 신입/경력 정규직,레드우드케이,서울 성동구,https://kr.indeed.com/채용보기?jk=cf94cc2764e56155
Data Center Operations Engineer,Amzn Corporate Services Korea,서울,https://kr.indeed.com/채용보기?jk=80f2346a8552a619
BI팀 채용,GC녹십자지놈,용인 기흥구,https://kr.indeed.com/채용보기?jk=4721ceaf47437a8b
"[누리어시스템] 금융 SI/SM 정규직 개발자 (Java, Python)",누리어시스템,경기도 하남,https://kr.indeed.com/채용보기?jk=8e01d12718384a31
2022년 AIFFEL AI 인공지능 전문교육,모두의연구소,서울 강남구,https://kr.indeed.com/채용보기?jk=f3c73d17b9f35e27
금융 Data scientist,hTLM HR,서울 송파구,https://kr.indeed.com/채용보기?jk=a9043783ae081743
PAYCO 빅데이터 인프라 개발,NHN,성남 판교역,https://kr.indeed.com/채용보기?jk=1f683f4878eeb7ef
[PPM솔루션 클로바인] 연구소 IT 테크 직군 선행연구 개발자,헤븐트리,서울 강남구,https://kr.indeed.com/채용보기?jk=ea23fdac1fec9112
생명정보학 부문 박사졸 선임연구원 정규직 정규직,카이팜,서울 서대문구,https://kr.indeed.com/채용보기?jk=3cd339cf8959f44d
"Customer Engineer, Gaming, Google Cloud",Google,서울,https://kr.indeed.com/채용보기?jk=bd007e22541bf6fb
"Solutions Architect, [Recruiting Event : 6/13 – 7/10]",Amazon Web Services Korea LLC,서울,https://kr.indeed.com/채용보기?jk=4fc701f9d9b2461a
자동차 전장 ADAS SW 분야 전문가,LG전자,서울 강서구,https://kr.indeed.com/채용보기?jk=f42242989b39b5e1
[통합 커머스 플랫폼] STT 개발,커리어라임즈,서울 동작구,https://kr.indeed.com/채용보기?jk=244017684ac76c13
웹프로그래머 모집,제트핑거소프트,인천 갈산동,https://kr.indeed.com/채용보기?jk=ce40ca2273ace634
"[리얼클래스]백엔드 개발자 (Backend Developer, Python)",퀄슨,서울 강남구,https://kr.indeed.com/채용보기?jk=fcdc3ae2e803744f
(주)스타랩스 WEB 개발자 정규직,스타랩스,서울 강남구,https://kr.indeed.com/채용보기?jk=ddcc07edd34eecff
빅데이터 엔지니어 전문가,에스케이텔레콤,성남 분당구,https://kr.indeed.com/채용보기?jk=0beebb8ef8b44601
"프론트엔드 개발자, 백엔드 개발자, PM 경력 (~22.06.17)",에스디에이에이,서울 성동구,https://kr.indeed.com/채용보기?jk=5505541f4c619808
"데이터베이스개발자, 웹개발 신입/경력 정규직",여의도사람들,서울 영등포구,https://kr.indeed.com/채용보기?jk=e91b5984e7f5d3fd
클라우드 (DevOps 엔지니어),KB데이타시스템,서울 마포구,https://kr.indeed.com/채용보기?jk=6a89ea90a2c898c1
Cloud 부문,한화그룹,서울,https://kr.indeed.com/채용보기?jk=7854bb87f9a168fb
Data Engineer & Scientist,LG전자,서울 영등포구,https://kr.indeed.com/채용보기?jk=807a11b0f18c0774
"Associate Software Engineer, gReach Program for Veterans (보훈...",Google,서울,https://kr.indeed.com/채용보기?jk=2d887b3032ebc835
패션고 추천모델링 연구 개발,NHN FashionGo korea,성남 판교역,https://kr.indeed.com/채용보기?jk=e13c32ba4eff23da
[진행중] AI사업부 전문직(인공지능[AI] 모델링 알고리즘) 채용공고,우리은행,서울 회현동,https://kr.indeed.com/채용보기?jk=62036c095810304b
8퍼센트 개발자 (신입/경력),8퍼센트,서울 종로구,https://kr.indeed.com/채용보기?jk=8af26b37623864c4
일반직 경력직원 모집[정보보안 전문가],코스콤,서울 여의도,https://kr.indeed.com/채용보기?jk=97aa1e0f915cddbf
C++ Developer for High Performance Cloud Database,SAP,서울,https://kr.indeed.com/채용보기?jk=2a09cdfe8d113e32
[하나금융그룹] 데이터분석 모집,하나금융티아이,인천 청라동,https://kr.indeed.com/채용보기?jk=67d8fe487c9744cb
[2022 전문연구요원] AI R&D - Language AI,엔씨소프트,성남 판교역,https://kr.indeed.com/채용보기?jk=192c20f6f0f64ab3
"JAVA, Python, R, C, C++ 외 신입/경력 개발자 정규직",이지서티,서울 강남구,https://kr.indeed.com/채용보기?jk=1e7271e69ef269da
자동차 전장 Security 분야 전문가,LG전자,서울 강서구,https://kr.indeed.com/채용보기?jk=6d389529bece608b
Django 서버 개발자 - 대전연구소,알고리즘랩스,대전 유성구,https://kr.indeed.com/채용보기?jk=5882d75839522aa0
기술유닛 프로그래밍 전부문(툴/엔진/렌더링/서버/클라이언트),엔픽셀,서울 강남구,https://kr.indeed.com/채용보기?jk=e756dbeaaecf958e
디지털미디어[Digital Media] Video 엔지니어 - 글로벌 OTT서비스 기업,에스에프인촌,서울 강남구,https://kr.indeed.com/채용보기?jk=71e385446ccd1b1f
[신입/경력] 의료영상/음성인식/생체신호 연구원,뷰노코리아,서울 서초구,https://kr.indeed.com/채용보기?jk=c35e9b72a11aa338
[그랑사가] 툴/클라이언트 프로그래머,엔픽셀,서울 강남구,https://kr.indeed.com/채용보기?jk=d158a6c96bc41b20
기술 인턴 인공지능 응용 연구/개발 인턴,써로마인드로보틱스,서울 관악구,https://kr.indeed.com/채용보기?jk=71c47ac87bb4087e
[포티투마루] 인공지능(AI) 개발자 전 부문,포티투마루,서울 서초구,https://kr.indeed.com/채용보기?jk=22ffe020e40de675
Enterprise Technical Support,Notion,,https://kr.indeed.com/채용보기?jk=9f7ad2b23171f074
[UI Framework] 웹 프론트엔드 프로그래머 모집,엔씨소프트,성남 판교역,https://kr.indeed.com/채용보기?jk=c810a31852261caf
[인재 Pool / 상시 / 신입] R&D 박사,앰코테크놀로지코리아,인천 연수구,https://kr.indeed.com/채용보기?jk=effbbb23f6fae87d
AI Frameworks Engineer,Intel,서울,https://kr.indeed.com/채용보기?jk=07aab0cc98af9ffe
캐롯손해보험 인재 Pool 등록(2021),캐롯,서울 중구,https://kr.indeed.com/채용보기?jk=88fd25fcd85ba187
[대형증권사] IT퀀트 개발자,인코리아 프로페셔널,서울 강남구,https://kr.indeed.com/채용보기?jk=6eb93af9f7057d77
AI 데이터분석 (경력),코나아이,서울 영등포구,https://kr.indeed.com/채용보기?jk=8b4437570ad5fdac
[3년 이상] Analytics/Data Angineer,아이디케이스퀘어드,서울 중구,https://kr.indeed.com/채용보기?jk=27efbf31dc7befc6
[현대무벡스] 경력사원 상시,현대무벡스,서울 종로구,https://kr.indeed.com/채용보기?jk=835324335bc1c7da
대학생인턴십 2기 모집,LG에너지솔루션,서울 영등포구,https://kr.indeed.com/채용보기?jk=d1d26bc871719fe2
Developer Associate,SAP,서울,https://kr.indeed.com/채용보기?jk=678ce3a93f701593
"2022년 상반기 주식회사 쏘마 전 개발 직군 (백엔드, 프론트엔드 외 신입/경력 정규직)",쏘마,성남 분당구,https://kr.indeed.com/채용보기?jk=13ef6f86810c0843
[일본계 대기업] FAE (Field Application Engineer) 신입,더라이징스타에스,서울 영등포구,https://kr.indeed.com/채용보기?jk=8251fec871096ecb
[데이터 프로덕트] 데이터 엔지니어 모집,카카오,성남 판교역,https://kr.indeed.com/채용보기?jk=f94fd2fd0e93cb5c
영상 인식 알고리즘 개발자,몹티콘,서울 구로구,https://kr.indeed.com/채용보기?jk=ee510e06a897c800
"자율 주행, 로봇 SW 개발자",에바,성남 수정구,https://kr.indeed.com/채용보기?jk=e30fe92d72ceb17c
2022년 상반기 백엔드 개발자,반달소프트,성남 분당구,https://kr.indeed.com/채용보기?jk=1601f1bfe3302af5
인프라개발팀 백엔드 개발자,카카오브이엑스 (KAKAO VX),성남 분당구,https://kr.indeed.com/채용보기?jk=5b8f9bddd48c704c
통합 log관리 시스템 개발 위한 전문가,에스케이텔레콤,서울 종로구,https://kr.indeed.com/채용보기?jk=599dd49e865c75f8
[카카오커머스] 기술직군,카카오커머스,성남 분당구,https://kr.indeed.com/채용보기?jk=2b9e604e63e7e46d
[하나금융그룹] 빅데이터 분석 모집,하나금융티아이,인천 청라동,https://kr.indeed.com/채용보기?jk=e3e736b46dbb35cd
자산운용팀 전략/리스크팀 퀀트(겨울방학 인턴),마이퍼스트에셋자산운용,대한민국,https://kr.indeed.com/채용보기?jk=872035f47cfd4850
Software Developer 3,Oracle,대한민국,https://kr.indeed.com/채용보기?jk=832f573fe2c0ec9f
전문연구요원 (병역특례) 수시 (AI / HW 분야),딥엑스,성남 분당구,https://kr.indeed.com/채용보기?jk=78e99625e5de3c95
추천 시스템 연구/개발,카카오,성남 판교역,https://kr.indeed.com/채용보기?jk=be6c1f03fa566f8e
[인재풀] 아티스트 ART,Electronic Arts,서울,https://kr.indeed.com/채용보기?jk=aac8e9355cb855ac
NPU 런타임 SW 엔지니어,딥엑스,성남 분당구,https://kr.indeed.com/채용보기?jk=35c2ac41489508c1
[외국계 스타트업 미소] Data Analyst,유한회사 미소,서울,https://kr.indeed.com/채용보기?jk=ec5c7ccd76639120
[SNOW] 렌더링 엔진 개발자,네이버,서울,https://kr.indeed.com/채용보기?jk=b38031393809d65f
2019 Military Service Exemption Position Available at the IB...,울산과학기술원,울산 언양읍,https://kr.indeed.com/채용보기?jk=8becbf73bbda7c96
"Charging Operations Specialist, APAC Charging (English Speak...",Tesla,서울 강남구,https://kr.indeed.com/채용보기?jk=a91e307a449bbf1f
[신입] 미래 인재 DB,현대오토에버,서울,https://kr.indeed.com/채용보기?jk=661cf773d598862b
[NAVER Cloud] Media 서비스 개발,네이버클라우드,성남 분당구,https://kr.indeed.com/채용보기?jk=9874329553ce5126
Machine Learning Engineer Intern - Korea,MOLOCO,서울,https://kr.indeed.com/채용보기?jk=69d3cc2cca262747
[마비노기모바일] 연구 개발 프로그래머,데브캣,서울 강남구,https://kr.indeed.com/채용보기?jk=f0c7c08485085240
리서치(사회조사/마케팅/시장조사) 연구원 신입/경력 정규직,리서치앤유,서울 성동구,https://kr.indeed.com/채용보기?jk=de6547a5f2894d76
Software Engineer,구글코리아,서울 강남구,https://kr.indeed.com/채용보기?jk=b5676ea622e11aed
파이썬 개발자 초중급 이상,데이터앤솔루션,서울 서초구,https://kr.indeed.com/채용보기?jk=d158e683dc0b7500
[NAVER Cloud] Media 서비스 개발,네이버,서울,https://kr.indeed.com/채용보기?jk=f862c821b0734933
[아이티노매즈] S/W 개발자 등 각 부문,아이티노매즈,서울 구로구,https://kr.indeed.com/채용보기?jk=bcba0b2f668368ab
"AI개발자(NLP, CV) (일6시간, 주5일)",웨인힐스벤처스,서울 강서구,https://kr.indeed.com/채용보기?jk=841627a929eda65e
데이터분석 전문가 모집,11번가,서울 남대문로5가,https://kr.indeed.com/채용보기?jk=e6f79134827d23a7
"Software Engineer, Camera 3A",Google,서울,https://kr.indeed.com/채용보기?jk=af846ce8ea8351ab
8퍼센트 경력 개발자,8퍼센트,서울 종로구,https://kr.indeed.com/채용보기?jk=464ef95516a5fa5c
B2B 디지털 마케터,LG전자,서울특별시,https://kr.indeed.com/채용보기?jk=81ef764c2c93b3c3
백엔드(경력 3년 이상) 개발자 / 가산,서울소프트,서울,https://kr.indeed.com/채용보기?jk=f9a227ed5286d277
[테크] 예측모델 Data Science 경력,에스에스지닷컴,서울 종로구,https://kr.indeed.com/채용보기?jk=b99a9c9009149eb9
[데이터엔지니어링팀] Data Engineer (시니어),직방,서울 종로구,https://kr.indeed.com/채용보기?jk=a6d588f9d7bea248
2022 비플라이소프트 인재,비플라이소프트,서울 광진구,https://kr.indeed.com/채용보기?jk=f70508d3d422add5
위시켓과 함께할 서버개발자님,위시켓,서울 강남구,https://kr.indeed.com/채용보기?jk=a3a65a4d59061430
"추천 시스템 백엔드 개발자 경력직, 정규직",클레온,서울 중구,https://kr.indeed.com/채용보기?jk=8dc9b881b447c3be
Data 분석 경력 모집,SK엠앤서비스,서울 중구,https://kr.indeed.com/채용보기?jk=c75a7298e1b2af73
[NAVER Cloud] 빅데이터 분석 플랫폼 개발,네이버클라우드,성남 분당구,https://kr.indeed.com/채용보기?jk=e837bcfb73c81cd7
[CJ Olivenetworks/경력] AI연구소 AI/ML 연구/개발(Data Scientist),씨제이올리브네트웍스,서울 용산구,https://kr.indeed.com/채용보기?jk=a2cedc04f48a862d
AI 모빌리티 서비스의 미래 함께 열어갈 우수한 인재 찾습니다.,라온로드,성남 분당구,https://kr.indeed.com/채용보기?jk=5133adebeb209d23
AI Research Engineer,Intel,서울,https://kr.indeed.com/채용보기?jk=b22adf00b47eaa32
데이터분석가 - Global Leading Consulting Firm,에스에프인촌,서울,https://kr.indeed.com/채용보기?jk=3cdce8fcfb2ddd61
[Engineering Div.] 인프라보안 / CERT Engineer (10년 이상),크래프톤,서울 강남구,https://kr.indeed.com/채용보기?jk=989b06568c650369
하반기 인턴직 모집,한솔그룹,서울 을지로2가,https://kr.indeed.com/채용보기?jk=2f56d4b70c1df086
Sr Technical Support Engineer,HERE Technologies,서울,https://kr.indeed.com/채용보기?jk=2f0821bdca3e8ede
데이터분석 전문가 모집,11번가,서울 남대문로5가,https://kr.indeed.com/채용보기?jk=e6f79134827d23a7
데이터 엔지니어/클라우드 엔지니어/데이터 플랫폼 개발분야 경력사원,LG전자,서울특별시,https://kr.indeed.com/채용보기?jk=f870e8c6ab4babcf
[진행중] AI사업부 전문직(인공지능[AI] 모델링 알고리즘) 채용공고,우리은행,서울 회현동,https://kr.indeed.com/채용보기?jk=62036c095810304b
하반기 신입(채용 연계형 인턴) 수시채용,홈앤쇼핑,서울 마곡동,https://kr.indeed.com/채용보기?jk=79fb95da6dff4025
일반직 경력직원 모집[정보보안 전문가],코스콤,서울 여의도,https://kr.indeed.com/채용보기?jk=97aa1e0f915cddbf
"금융 데이터 분석 엔진, 로보어드바이저 개발자",에스비씨엔,서울 영등포구,https://kr.indeed.com/채용보기?jk=649ccf047c868778
Data Center Operations Engineer,Amzn Corporate Services Korea,서울,https://kr.indeed.com/채용보기?jk=80f2346a8552a619
[신입] 미래 인재 DB,현대오토에버,서울,https://kr.indeed.com/채용보기?jk=661cf773d598862b
AI Research Engineer,Intel,서울,https://kr.indeed.com/채용보기?jk=b22adf00b47eaa32
[대기업] 데이터분석가 경력 (대리~과장급 2명),에이치알니즈,서울,https://kr.indeed.com/채용보기?jk=b2eb1fe78ff9ee5f
"Java, Python 영상툴 개발자",에이아이메이커,서울 마곡동,https://kr.indeed.com/채용보기?jk=cae2de07045cfb2b
[클라우드플랫폼실] System Engineering팀 클라우드 엔지니어,야놀자,서울 강남구,https://kr.indeed.com/채용보기?jk=4ae5eb5bb613a826
Software Engineer Intern,Intel,서울,https://kr.indeed.com/채용보기?jk=8ab99f09dbabedc5
[주4.5일] JAVA 백엔드 개발자,인라이플,서울 구로구,https://kr.indeed.com/채용보기?jk=cde0d8631fbe4562
Datacenter Engineer,Oracle,서울,https://kr.indeed.com/채용보기?jk=970033f2d54dd370
Video Design verification Engineer,Qcom,서울,https://kr.indeed.com/채용보기?jk=6b027a9ad78aafb2
"AI개발자(NLP, CV) (일6시간, 주5일)",웨인힐스벤처스,서울 강서구,https://kr.indeed.com/채용보기?jk=841627a929eda65e
시스템 엔지니어 모집,넷마블,서울 구로구,https://kr.indeed.com/채용보기?jk=d321f3119ec69587
자동차 전장 Security 분야 전문가,LG전자,서울 강서구,https://kr.indeed.com/채용보기?jk=6d389529bece608b
[마비노기모바일] 연구 개발 프로그래머,데브캣,서울 강남구,https://kr.indeed.com/채용보기?jk=f0c7c08485085240
"Spec, Software Quality Engrg",3D Systems,서울 강남구,https://kr.indeed.com/채용보기?jk=c1b4bcaba77f69ed
[포티투마루] 인공지능(AI) 개발자 전 부문,포티투마루,서울 서초구,https://kr.indeed.com/채용보기?jk=22ffe020e40de675
[현장코칭](주)대연씨앤아이 웹솔루션 개발 사원 (JAVA/Python),대연씨앤아이,서울 구로구,https://kr.indeed.com/채용보기?jk=1e8539a3b6e3380d
대학생인턴십 2기 모집,LG에너지솔루션,서울 영등포구,https://kr.indeed.com/채용보기?jk=d1d26bc871719fe2
데이터분석,유비케어,서울 구로구,https://kr.indeed.com/채용보기?jk=0af5b81616808b7e
응용 프로그래머,더원제어계측,포항 북구,https://kr.indeed.com/채용보기?jk=2f3bf40de26ca01e
Data 분석 경력 모집,SK엠앤서비스,서울 중구,https://kr.indeed.com/채용보기?jk=c75a7298e1b2af73
웹프로그래머 채용,넥스텝코리아,서울 용문동,https://kr.indeed.com/채용보기?jk=62e2139591de2dc2
전문연구요원 (병역특례) 수시 (AI / HW 분야),딥엑스,성남 분당구,https://kr.indeed.com/채용보기?jk=78e99625e5de3c95
Technical Support Engineer-Developer,Microsoft,서울,https://kr.indeed.com/채용보기?jk=35b540811a09ac1f
"프론트엔드,백엔드,딥러닝,풀스택 개발자 모집",아이디어콘서트 관심기업,성남 시흥동,https://kr.indeed.com/채용보기?jk=37b6354b019c100d
"2022년 상반기 주식회사 쏘마 전 개발 직군 (백엔드, 프론트엔드 외 신입/경력 정규직)",쏘마,성남 분당구,https://kr.indeed.com/채용보기?jk=13ef6f86810c0843
"Staff, Data Analyst (ROD)",Coupang,서울,https://kr.indeed.com/채용보기?jk=050e9ec2f8975950
[광주] Django 백엔드 개발자,라젠,광주 북구,https://kr.indeed.com/채용보기?jk=03e45c63a31635a0
Data Scientist,Boston Consulting Group,서울,https://kr.indeed.com/채용보기?jk=ccd4f5407a32ba6a
"Cloud Architect , Professional Services",Amazon Web Services Korea LLC,서울,https://kr.indeed.com/채용보기?jk=40141d5b6f07f17e
국내 대기업 - AI 및 딥러닝 관련 경력자,라피플코리아리미티드,서울,https://kr.indeed.com/채용보기?jk=3b7dbdf85a326a6d
[B Live Div.] Data Analyst (경력 무관),크래프톤,성남 분당구,https://kr.indeed.com/채용보기?jk=ae9f37dbc439d2d4
A.I.개발자,파이프트리스마트팜,서울 송파구,https://kr.indeed.com/채용보기?jk=229eb9cfd32480ed
[CJ Olivenetworks/경력] AI연구소 플랫폼 연구/개발(Backend Engineer),씨제이올리브네트웍스,서울 용산구,https://kr.indeed.com/채용보기?jk=a84197b52d4f3e13
[데이터 프로덕트] 데이터 엔지니어 모집,카카오,성남 판교역,https://kr.indeed.com/채용보기?jk=f94fd2fd0e93cb5c
백엔드(경력 3년 이상) 개발자 / 판교,서울소프트,성남 분당구,https://kr.indeed.com/채용보기?jk=279bc29da9175763
카카오 데이터의 가치를 발굴할 데이터 분석가 모집,카카오,성남 판교역,https://kr.indeed.com/채용보기?jk=2b2dcd3ffe3d53df
"Associate Software Engineer, gReach Program for Veterans (보훈...",Google,서울,https://kr.indeed.com/채용보기?jk=2d887b3032ebc835
"Game Operations Specialist, Pico",ByteDance,서울,https://kr.indeed.com/채용보기?jk=f7e1a723c4af504f
[농심ENG] 신입/경력사원 정기채용,농심그룹,서울 신대방동,https://kr.indeed.com/채용보기?jk=1d0e51e2e431995b
NPU 런타임 SW 엔지니어,딥엑스,성남 분당구,https://kr.indeed.com/채용보기?jk=35c2ac41489508c1
[전문연구요원] 반도체IP HW 개발자,칩스앤미디어,서울 강남구,https://kr.indeed.com/채용보기?jk=7b3cf0996fb853ba
[Beluga] 음성 (TTS/STT) 딥러닝 엔지니어 (2년 이상),크래프톤,서울 강남구,https://kr.indeed.com/채용보기?jk=65fca4ed269db5fb
(인천 송도) 인공지능(AI)분야 Python 개발 인력,애나,인천 연수구,https://kr.indeed.com/채용보기?jk=b6a035d43f41e23b
"개발팀 관리자 PM, 개발팀 엔지니어 외 신입/경력 정규직",VFTpatner,대전 서구,https://kr.indeed.com/채용보기?jk=5a07e6601a1c104f
[Engineering Div.] 인프라보안 / CERT Engineer (10년 이상),크래프톤,서울 강남구,https://kr.indeed.com/채용보기?jk=989b06568c650369
[11번가] 6월 Backend 개발 분야,십일번가,서울 중구,https://kr.indeed.com/채용보기?jk=54954a2d1ae4c606
[K-Digital]프로젝트 기반 빅데이터 분석 인재 양성과정 연수생,선문대학교 산학협력단,충청남도 아산,https://kr.indeed.com/채용보기?jk=3a509d3c94e249d7
"JAVA, Python, R, C, C++ 외 신입/경력 개발자 정규직",이지서티,서울 강남구,https://kr.indeed.com/채용보기?jk=1e7271e69ef269da
[플레이채팅 유닛(CIC)] 서버 개발자 영입,카카오,성남 판교역,https://kr.indeed.com/채용보기?jk=a5680079cf9c5a5c
[실내배송로봇 연구개발] - Robotics Software Engineer 외,로보티즈,서울 강서구,https://kr.indeed.com/채용보기?jk=dcb83cbcd07c9a64
각 분야별 인재 Pool 등록,지투알,서울,https://kr.indeed.com/채용보기?jk=a5e926e1d22cdc11
"프론트엔드 개발자, 백엔드 개발자, PM 경력 (~22.06.17)",에스디에이에이,서울 성동구,https://kr.indeed.com/채용보기?jk=5505541f4c619808
Associate Software Engineer (Connected Cabin),BOEING,서울,https://kr.indeed.com/채용보기?jk=40aa139111032529
Sr.SCM (Inventory Planning Control),Coupang,서울,https://kr.indeed.com/채용보기?jk=7a5f894a986d3015
Software Engineer - Python and K8s,Canonical - Jobs,서울,https://kr.indeed.com/채용보기?jk=9e154b5b00d09b31
딥엑스 NPU SDK (DXNN) 개발 엔지니어,딥엑스,성남 분당구,https://kr.indeed.com/채용보기?jk=8e91aa6c93de1790
패션고 추천모델링 연구 개발,NHN FashionGo korea,성남 판교역,https://kr.indeed.com/채용보기?jk=e13c32ba4eff23da
"[자동차 전장부품 우량대기업] Embedded 보안, 방화벽 경력인재",에스에프인촌,서울,https://kr.indeed.com/채용보기?jk=e6a3cf4d5e7e5ccd
Django 서버 개발자 - 대전연구소,알고리즘랩스,대전 유성구,https://kr.indeed.com/채용보기?jk=5882d75839522aa0
"Software Engineer, Camera 3A",Google,서울,https://kr.indeed.com/채용보기?jk=af846ce8ea8351ab
플랫폼구축,KB데이타시스템,서울 마포구,https://kr.indeed.com/채용보기?jk=15bbe05b101b160c
데이터베이스 소프트웨어 경력직 개발자 (C / C++),마크베이스,서울 강남구,https://kr.indeed.com/채용보기?jk=3b34ae08cf976a95
프론트엔드/백엔드 개발 경력 모집,SK렌터카,서울 구로구,https://kr.indeed.com/채용보기?jk=60f75e1d53cc3767
Data 분야 경력,LG CNS,서울,https://kr.indeed.com/채용보기?jk=6d86e9f32d31c84f
Real World Evidence Specialist (1 year contract),Novo Nordisk,서울,https://kr.indeed.com/채용보기?jk=dbe3cd59bc176ef1
D-lab 팀원 모집,이지스자산운용,서울 여의도,https://kr.indeed.com/채용보기?jk=48c56fc0745c828e
Senior Data Scientist,NielsenIQ,서울,https://kr.indeed.com/채용보기?jk=fcca8bee03808ea7
[정규직] SI 개발자(java/jsp 개발자) (신입/경력),코테크시스템,서울 중구,https://kr.indeed.com/채용보기?jk=3c715391937e8f49
생명정보학 부문 박사졸 선임연구원 정규직 정규직,카이팜,서울 서대문구,https://kr.indeed.com/채용보기?jk=3cd339cf8959f44d
SW 개발 직군,한화테크윈,성남 분당구,https://kr.indeed.com/채용보기?jk=a0ca2e61e3223904
[유통 대기업] Business Analyst(비지니스분석가) 과차장급,에이치알니즈,서울,https://kr.indeed.com/채용보기?jk=0e25160b5a1d095f
데이터 사이언티스트 모집,넷마블,서울 구로구,https://kr.indeed.com/채용보기?jk=0cefe46528489293
클라우드 분야 경력,LG CNS,서울,https://kr.indeed.com/채용보기?jk=8a6b6ce0b31ec8d4
웹 크롤링 엔진 개발자 채용,주식회사 유펜솔루션 관심기업,서울 역삼동,https://kr.indeed.com/채용보기?jk=c4fa1a50eee2a732
System SW 엔지니어,딥엑스,성남 분당구,https://kr.indeed.com/채용보기?jk=fc037709d0770796
[NAVER Cloud] 빅데이터 분석 플랫폼 개발,네이버클라우드,성남 분당구,https://kr.indeed.com/채용보기?jk=e837bcfb73c81cd7
소프트웨어 CTO포지션 [상장예정 스마트 테마파크 스타트업],상장예정 스마트 테마파크 스타트업,서울,https://kr.indeed.com/채용보기?jk=069c41d49e087edb
GUI 시스템 개발,BM PHR,서울 송파구,https://kr.indeed.com/채용보기?jk=681608bebd3b74e8
[AI 가상인간 기술 스타트업] (주)유어라운드 AI 연구개발자,유어라운드,서울 마포구,https://kr.indeed.com/채용보기?jk=35edadb6d2243223
[하나금융그룹] 빅데이터 분석 모집,하나금융티아이,인천 청라동,https://kr.indeed.com/채용보기?jk=e3e736b46dbb35cd
"Software Engineer, Android Connectivity",Google,서울,https://kr.indeed.com/채용보기?jk=338be2a9a3975371
DNN 모델 개발 엔지니어,딥엑스,성남 분당구,https://kr.indeed.com/채용보기?jk=303d8c644a5f2e0f
"Charging Operations Specialist, APAC Charging (English Speak...",Tesla,서울 강남구,https://kr.indeed.com/채용보기?jk=a91e307a449bbf1f
국내 대기업 - 고객 데이터분석 포지션,라피플코리아리미티드,서울,https://kr.indeed.com/채용보기?jk=75c348600e4ba140
데이터 엔지니어 경력 정규직,아이디케이스퀘어드,서울 중구,https://kr.indeed.com/채용보기?jk=8c8c96a3ffac77f8
Software Engineer,구글코리아,서울 강남구,https://kr.indeed.com/채용보기?jk=b5676ea622e11aed
[박람회] 소프트웨어 개발자,토페스,서울 성동구,https://kr.indeed.com/채용보기?jk=d7777c60c09ecaae
관리직 경력사원 공개채용,경동나비엔,서울 여의도,https://kr.indeed.com/채용보기?jk=a82e3922c29d3373
[주4.5일] 딥러닝 연구 개발자,인라이플,서울 구로구,https://kr.indeed.com/채용보기?jk=b7404340e4697466
[안양] 빅데이터 (리더),시니어앤파트너즈,안양 동안구,https://kr.indeed.com/채용보기?jk=4376c7ae1f245848
"[삼성동] Application 보안담당자 (5년이상,시니어)",시니어앤파트너즈,서울 강남구,https://kr.indeed.com/채용보기?jk=dce2abed85cbe3a9
